word,log_odds
systems,3.169925001442312
in,2.807354922057604
these,2.807354922057604
demonstrate,2.321928094887362
efficient,2.321928094887362
processing,2.321928094887362
performance,2.321928094887362
algorithms,2.321928094887362
